,message
100313,니코 못찾아서 망했네
399581,"근데 데프트 페이커, f d키 반대로 썻으면 웃겼겠다."
780992,저희도 디도스 떔에 진건 아닙니다~
384211,씨드백해도 이멤버로 알아듣겟냐 그리핀아니라고 ㅋㅋㅋ
21281,젠지가 왜 월즈 광탈하는자 알려줌
922702,제엔지 짜응!!!하오 힘내라!LPL화이팅!!
1006221,캘황
781917,엄 앵 란
676552,3강아님 티원 1황임. 젠지는 메타적응못함. 페이즈가 세나메타 못한다. 메타주도를 티원이하는데 젠지가 티원을 우째이기누?
714018,합 왤캐 안 맞냐 ㅋㅋ
608904,강약약강의 한국화약. 제발 2대 떡 빨리 끝내줘 다음경기 보게
670579,젠지팬분들 1세트 이겼는데 왜이렇게 화나 계신가요..? 8딱8딱 거리시는 모습들 굉장히 안쓰럽네요...
657838,롤드컵 4강직전에 대기실에서 페이커랑 꼬감독이랑 멱살잡고 싸우면 누구 잘못임?
632050,제발 사이온같은거 하지말고 차라리 오른을 해라...
519721,경기는 젠지 담원인데 화난건 왜 슼갈? (진짜 모름)
828744,안녕하세요 저는 쥐엔장 로펌에서 온 손인욱 변호사입니다 안심하고 시청하십시오
419717,국제전 무관 그만 티원에 비벼
857311,근데 3.1절 실패한날 아님 ? 왜 기념임일??
566441,티원이랑 스크림 한 보람이잇네
842264,대카
524231,젠지 지기 바라는 t1형들.. 내가볼떄 t1이 환화 못이길것같은데 그거 걱정부터 하는게 좋아보이는데;;;;;
645053,님들 lck 디도스 오면 어케됨?
181248,딮기팬들만 좋아할게요 ㅠㅠ 제발 갈드컵 ㄴㄴ
976211,내 닉네임 하지마 ㅜ 나 그만찾아
399390,디도스 공격까지 ㄷㄷ
581345,저 때가 제일 고점.
911748,티원은 왜 젠지에게만 지는가
687888,킹겐이 아군보호를 못해주노;;
337420,아오 첫판만 이겼어도 2:0인데 ㅈㄴ아쉽네진짜
298696,걍 20분뒤에 쳐와라좀 징징대지말고
295162,개 똥 탭
20036,여기는 1557 안쳐서 좋네
907625,매니저야 준위 드립들 블랙좀 해라
423288,얼굴 가리노 ㅋㅋ 꼴박게
128790,아니 노틸벤을 도대체 왜안해 항상 티원 진판에서 거슬렸던거 맨날 살려놔ㅡㅡ
542013,한타 진짜 못하긴한다
181753,쵸마마 쵸마마
881240,젠지는 월즈는 무조건8강임?ㅋㅋ
253452,캐년에 비해 딸리는 오너 거기에 멘탈까지 갈려서 이번 시리즈는 힘들듯 페이커가 전판처럼 미쳐도 못이기는
36344,"축구 잘 모르는 사람이 월드컵,챔스 우승컵으로 판단하듯이 후대사람들이 무관 쵸비를 기억이나 할까?"
801296,벤픽은 문제없었지.. 파일럿들이 문제일뿐
118596,월즈 우승 어케했냐? 개못하네
557007,팔목보호대??????? 노페 어디살아
947313,하 진짜 댓글들ㅋㅋ
190703,피들스틱이 아니라 스틱만 골라도 광동정도는 쉽게 싸먹지 ㅋㅋㅋ 젠지 화이팅!!!
197984,중반 이후 운영 자체를 못하네 
247124,팩트) 페이커는 국대 벤치이다 
331,킅팬은 티원 리스펙합니다:red_heart: 이번만큼은 양보좀해서 우리 승민이 창현이 보성이 혁규 건희 기좀살려달라구요 ㅠㅠㅠㅠㅠㅠ 우리 KT선수들 많은 관심부탁드려요... 퍼펙트 해줘 표식 해줘 비디디 해줘 데프트 해줘 베릴 해줘 그냥 다해줘... 아니 그냥 이겨줘!!!! (2대0은 양심없는거 아니 2대1이라항게용...)
36821,젠피팬으로서 쵸비 무관 인정합니다..
239106,"너무 엄대엄이라, 정글 초반 동선설계가 제일 중요할 듯.."
469518,1557 ^눈물찍^
715970,광고를 그럼 안하겠노? 스폰서들이 개ㅈ이노 ㅋㅋㅋ
774765,렉사이에 걸어서 스킬 다 빠지고 제리엔딩 ㅋㅋ
868394,브리온은 차라리 키보드 마우스 내렿놓고 주먹으로 맞짱을 뜨는 편이 승산 있지않을까?
193768,ㅇㅅㅇ ㅇㅅㅇ
584972,칼황
734819,페펙트 라인전 솔킬 2번인가 따엿는데 이게맞나...ㅋㅋ
615256,1세대 프로들 클라스는 살아있다
661146,ㅋㅋㅋㅋ 쵸비랑 하면 8분 88초만에 끝나는 팀끼리 잘싸우노 
605657,"프차비 1000억받고 더 받으려고 드릉드릉하는 라코가 디도스 방지를 못함. 자기들은 장비탓하는데 디도스인거 뒤져도 인정못하죠 ㅋㅋㅋ 1000억받아먹고 디도스 방지도 못하고, 인트라넷도 안쓰다가 수욜 디도스걸려고 시험삼아 걸어본 디도스에 게임 터지는 라코수준. 도대체 1000억받아다 어따썼노? 책임? 무능한거에 대한 책임져야겠지"
715961,클로저한테 퍼스트미드 내주고 솔킬 무수히 많이 당한 88848 그미드가 있다는데 사실인가요? ㅠㅠ
435222,골드킹은 서폿은 절대못받는거아님?ㅋㅋㅋ
174187,농심의 콜미 경기력이 너무 무생무치함...오늘 브리온 대악마 역활하기엔 부족한듯...미드차이 과관이다 밋천 다 들어놨음 ㅋㅋㅋ
29213,젠지를 잡기외해 럼자오자레 중 럼을 준비한 테리아 ㄷㄷㄷ
591607,디도슨데 무지성 젠지 까는 그 팀팬들 ㅂㄷㅂㄷ
148424,진심 이즈는 쓰레기챔이다
545037,이제 중계 해주지 말자 이런건 눈썩...
965796,든든은 항상 내가응원할때마다 터지네
597033,똥겐 ㅋㅋㅋㅋㅋ
926365,티원도 세시즌동안 타팀 지라고 고사지냈.....
1418,지들이 삼겔 손잘 치다가 국제전 무관하니까 끌고 들어오는데 삼전 모독하지마라
209365,티원경기에서 이렇게 될때까지 못고쳣다니 협회는 쓰레기내
866700,살았지만 점멸 빠지고 궁빠지고 바론 어캄 ㅋㅋㅋㅋ
851147,아 디도스 알빠노 돈벌어야돼~~ 1000억 꺼억~ 광고 꺼억~
371621,중국팀한테 또 지네 티;원?
126212,3대떡~~!
207494,세나 나올때마다 cs 드립은 진짜 질리노 ㅋㅋ
668637,쵸비는 왜 항상 토스할때 자기도 날라감??
622061,T대떡 월즈우승팀 현실 = 젠지한테 13:0개처발리기 vs 한화한테 3:0 떡실신 처발리기 ㅋㅋㅋㅋ
901930,T1 1군 경기임?
425927,얘들아 지금 DK 지니까 T1 팬들 화나서 무차별 악플 다는 중이다 비상!!!!!
705323,쵸비 닉이 페이커였으면 받을수있을텐데
738977,t1 화이팅
445020,티원은 하이디라오 1주일 압수
324269,케리아 벌써 떨고있네ㅋㅋㅋㅋㅋ원딜이 구마니깐ㅋㅋㅋ
653331,개똥궁
199034,젠지한테 맨날 지던데
351020,억까들 조용해진거보소 ㅋㅋㅋ
284749,T1 따잇~~~~~~
263851,편파 해설 바로 고치노 ㅋㅋ 쫄리제
125103,그미드 영향력 제로에 아무것도 안하는데 구마유시가 욕먹는 어이없는 상황ㅋㅋ
643715,오케오케
252497,스마싸움 지면 운빨 이기면 실력 ㅋㅋ
253289,티원은 페이커 말고는 좀 더 발전하자
3670,세상에 cs 안먹는 운영이 어딨다고 일부러 안먹는다 이러고있네 ㅋㅋㅋ
562300,오늘도 쓰리핏 레전드 괴물신인 에포트 안나오냐
635647,이런 딥기랑 대떡을 간 그 무관팀...
352427,v11
887636,오너 교정기 빼느라 못나오는거아님? 치과
278585,오디오 졸라 물리네 ㅋㅋ
56239,개빨리 모여있네 롤창들...
847904,1셋 미드 욕하던 친구들 타노스 당한듯 ㄷㄷ 안보임
3512,티원은 사고안나고 버티면 유리한조합이니 결국 티원이 이김
202668,류는 10년전에도 지금도 상혁이랑 같은곳에...
620422,여기서까지 싸우는 사람들은 도대체 어떤 삶은 살고 있는걸까 진짜 응원한다
313250,루시드가 ㄹㅇ 신인아닌거처럼 잘하네
425962,근데 젠지팬이면 조선족임 한족임?? 우투브 아직도 자국에서는 못보게하나... 그것만 아니면 뷰어쉽 개쩔텐데...
710539,T1체급 젠지전 이후로 박살났누
981195,lck 하위 3팀은 그냥 없애고 7팀끼리만 리그하면 안되냐 ㅋㅋ
153289,제발 응원 할거면 좀 제대로 하자 ㅋㅋㅋ 못들어주겟네
378764,쵸비가 국대미드 주전인 이유가 이거네
927043,아까도 마오카이 사냥에 빠져서 말아먹더만
208117,경기 보는데 또 멈출까봐 불안해서 집중을 못하겠네 이게 맞냐 진짜 디도스 못잡으면 리그 망하겠다
771285,제카<<<<코르키를못함ㅋㅋ
299379,혹시 모르니 진자림 언급 찍어놔야겠다 ㅋㅋㅋㅋ 고소 한다고 하면 바로 제공
930167,밴픽 이꼴나면 그냥 망이구만
219634,일단 씨맥에 마법을 막을자는 t1이긴해
967432,킬 미
255288,인사 대칭 안맞는거 개짜증나네
290876,그팀팬 다나갓네
778208,고인물들은 알거다 ㅋㅋ 리혜지 데리고 우승해야 1황이라 칭할수있다 ㅋㅋㅋㅋ
39212,심각한데 진짜 정글
478078,루시드가 신인왕 어쩌구저쩌구 ㅋㅋㅋ 하던데 
235051,뉸썩네그냥 ㅋㅋ 티원경기만매일해라
618302,본인 젠지팬이난데 T1경기엔 분탕침 ㅇㅇ 젠지보다 T1이 더 싫기때문
446565,굿바이 톰 밴픽 스렉같이해서 슈퍼팀을 지게하네 ㅋㅋㅋ
471871,똥카
55938,cs놓치는건 역시 켈황
223607,콜이갈려쎄
177128,ㅋㅋㅋㅋㅋㅋㅋ 채팅 격추당하는거 웃기네
952503,1557 용사들 약팀상대로 신났네 ㅋㅋ
113867,젠지한테 진건 한화도 마찬가진데 왜 그러시나
14936,쵸비 cs 격차 벌린거봐라 아지르의 신
901501,또 맞았니?
712076,88848 쵸비는 페이커의 여드름을 해명하라!!!!
295812,목소리 힘빠지네 진짜 ㅋㅋ
507357,4핏 쵸비
700960,의문의 농심팬들 부들부들중 ^^ 
121837,이제 그만 트페 코르키하고 제대로 하자 이길만하다 충분히
13216,소문난잔치였지만 티원만 재밌고 킅은 노잼이었을듯
95952,그래도 여기는 ㅇㅅㅇ치는 사람 없어서 채팅창이 클린하네
922051,응디르 겁나쎼누 ㅋㅋ
422476,구라치지마 무슨 프로경기에서 1557이야ㅋㅋㅋ 내가해도 1557은 넘김 구라ㄴㄴ ㅋㅋㅋ
549610,"확실히 도란,기인 이 둘은 제우스한테 체급에서 밀리진 않네"
741688,t1 젠지전도 솔찍히 아지르만 안했어도 이겼다. 아지르가 쓰레기라서 아무것도 못해서 진거지 
193426,ㅋㅋㅋ 젠지 어처피 국내만 깡패 ㅋㅋ
170419,콜미 스킬샷 왜저럼?\
84320,켈린님 제발 나대지마셈 도구주제에
775969,개인적으로 한화랑 담원이 갔으면 좋겠다
81458,와 진짜 숨막힌다 ㅋㅋㅋㅋㅋㅋ
460649,이거 밸류도 비슷비슷해서 kt 힘든데
825201,LCK에서 조선족이 나가는게 제 꿈 입니다 ㅠㅠㅠㅠㅠㅠㅠㅠㅠ
867271,DRX 상대로 이렇게 진땀승이면 KT도 정신좀 차려야겠다
468363,정말 원사이드한 게임을 인스타 낚시로 기대하게 만드네 
76923,한국 축구협회 정몽규는 자진해서 사퇴하라 ㅡㅡ
23122,롤드컵우승자 캐니언 덕이다 젠지는
706580,젠지 없는 우승이라 빈집털이라고 하기에는 젠지가 8강에서 자멸했으니깐 지들 못해서 떨어졌으니 정정당당 아닌가
580551,88848 무관 중국팀 드릉드릉 짜이찌엔지 ㅋㅋㅋㅋㅋㅋㅋㅋㅋ 하나의 중국 짜이찌엔지~
43615,어제 2대0으로 찌발려서 그런가 ㅎㅎ 그 분들이 많이 긁히셨네~~ 힘내세요~ 
230823,담원은 그저그런 팀임 이제
804438,롤드컵 너네 다가지고 우린 4연 우승할래
862352,징크스 탐켄치 예상하고 자르반픽 준비한거같은데
125115,뽀록 젠없컵먹고 낭만 재계약 떠들더니 광^탈^ ㅋㅋㅋㅋㅋㅋ 그 미드는 안된다니깐?
429419,광동 농심 이대떡 내면 ㄹㅇ 플옵 기대할 수 있는 폼같은데
313630,88이 레클레스한테 절해라 롤드컵준우승자이시다
225101,축! 카스
99807,윌러 갓
663816,제발 쵸비좀 쇼메한테 그만비벼 ㅋㅋㅋㅋ 아무리 쇼메가 내려쳐도 월즈우승 쌉캐리 미드다 ㅋㅋㅋ 쵸비는 제발 월즈우승부터 하고 오자..
800147,광똥 따운~~~
364617,세나 CS드립 핵노잼
421917,똥겐 ㅋㅋㅋㅋㅋㅋ
199199,역체롤 = 롤컵무관 
790084,인간미
380812,미드는 별로 차이없음... 봇이랑 정글차이 존나 심함 ;; 구졷 오너 방출해야 
801064,근데 t1경기도아닌데 왜 페이커 욕하고있는거임..? 진짜 이정도면 정신병아니냐
730483,뇌절하더니 결국 ㅋㅋㅋ
601245,롤이 망한다면 이유는 디도스따
783089,진짜 쵸비 지린다
31121,하필이면 생일날 최강팀티원이랑 붙냐 ㅋㅋ
46056,노틸 딸피 잡으려고 저걸 플쓰고 들어가네 지우인지 뭔지 저게 잘한다고?
577410,콜미 딜탱가는거 개역겹네
942502,반갑다노
685910,KDG는 가능성이란 말의 뜻을 모르나
213534,디도스좀 그만 걸어라!!!!!!!
58912,맨날 광탈하는데 뭘 우승이야 서현아 멍청한거 티낼래?
106842,든든은 머리를 꾸며도 씻어도 얼굴 ㅈ박았네 
641270,대떡
264214,오너는 유충에관심없나 맨날 다주네
228105,아니 욕할껀 또 뭐냐 지고 있지만 잘하는군만
898263,88848이 불편하면 문제가 있는겁니다
889771,오너 치팅데이 챙긴다고 반차내고 빠진게 실화입니까?
515853,따이후앙비 
148544,카리스 ㅆㅅㅌㅊ
872461,게임이 이미 가버리니까 중계진도 딴소리만 하네
276652,:smiling_face_with_sunglasses::smiling_face_with_sunglasses::smiling_face_with_sunglasses::smiling_face_with_sunglasses:
772457,무관의 제왕 기인~ 만세~
446328,농심한테 지는 그 팀 수준ㅋㅋㅋ
264285,짱꺠들은 알아서 거르자~
824267,페이커 pog:folded_hands::folded_hands::folded_hands::folded_hands: 1위뺏자
471742,엄란은 엄티와 도란을 합쳐서 부르는건가요?
578502,시청자수.. 처참하네 뭔가....
756630,아 람머스 나오지말라고 내 모스트1인데 너프 밴 아놰
641997,이딴게 제도기? 제도기에 제는 진짜 빠져야할듯
808227,딮기 운영 처참하다 저거 맞냐 ㅋㅋㅋㅋㅋㅋㅋㅋㅋㅋㅋㅋㅋㅋ
540023,도찐개찐
773442,T1이 못한게 아니라 한화가 개잘하는데 뭐야 이거;;
619340,월드컵 우승 VS 아시안컵 우승
901905,티원 대악마는 젠지밖에 없겠네.. 억까거르고 후..
167271,ㅋㅋㅋ어그로쟁이들도 어이가 없어서 컨셉질 포기했누 ㅋㅋㅋ
502354,클린스만 그리우면 개추ㅋㅋ
153774,70만 이면 고작 70만명밖에 관심 없다는건데 먼 전국민이 아는것처럼 말하누
378788,GG 
705040,페이커였으면 마지막 w도르로 pog받았겠네
505668,3:1
419618,킹겐 하루종일 도는게 겜 망쳤음. 뭐하는건지
61257,커즈 두두는 억울해서 어쩜 ㅋㅋ 태윤뿌직스
738755,옛날엔 퍼펙트가 제우스보다 잘했는데 
490488,카리스는 진짜 ㅋㅋ
493399,루시안이진짜못하네
802910,불독이 X맨임이 분명하다. 피해놓고 맞아주려 플 ㅋㅋ
867033,아따 테디 사올 돈은 있어도 주한 잡을 돈은 없당께요~
946987,탈리야 길막으로 짤라 먹은게 몇 갠데 이걸 미드차이 탓을 하네 그 팬들 수준...그러니 88848 팬을 하지
141994,88848 5년보다 짧다
738897,진짜 소수의 여자 티원 팬으로써 1557 치면 제 아는 일진과 인맥으로 다 처벌하겠습니다.
110742,1557 0 0 13 벤치혁 홧팅~!~~!!!
305324,아까 누가 광동 다시 태어낫다고 역배 조장햇냐ㅠ
730766,퍼펙트 ㅠㅠ 눈물난다ㅠㅠ 제우스 팬이지만 퍼펙트도 힘내
945697,와 페이커 못하는척해서 낚는거 지리네 ㄷㄷ
472237,숫자 못세는놈 하나있농
290568,혀 왜케 짧누
103691,엄티 헤나 내보내고 카리스 에포트 ㅋㅋ
644191,초딩들 다몰려왓냐
315525,카리스 진짜 불독보다 아지르 못하는거같은데 ㅋㅋㅋㅋㅋㅋ
422537,T1 젠지한테 3년째 못이기는중 ㅋㅋ
672443,"사과 이후에도 잘못을 진심으로 뉘우치기는 커녕 트할과의 2번째 마찰에서 또 '유튜브 각 재냐', '나한테만 X같이 군다.'라면서 구마유싴ㅋㅋㅋ"
488220,드립 수쥰 노잼
840543,누굴 만나든 떨어질텐데?
486299,새추
105887,카리스 똥
883846,카이사 팔이 너무 짧다
496333,엄카 뭐하냐ㅋㅋㅋㅋㅋㅋ
126375,너네 아무것도 모르네?? 물오른 한화 먼저 올려서 젠지랑 안만나려는 티원의 큰 뜻이다
920042,lpl만 만나면 귀신같이 강해지는 선수
156300,롤러코스터는 다시 떨어진다
419330,킹겐이 니들보다 잘해 제발 아가리해
715189,엄 앵 란
621341,국대미드 쵸비(0) 페이커(X:벤치)
494960,ㅋㅋㅋㅋ신짜오 픽해~!
297808,한화생명은 경기력보니 88848은 안하것네
619282,1557은 전설이다 다시는 나올 수 없는 기록
55363,ㄹㅇ 딱 우당탕탕하고 끝났네
720797,와 클로저 진짜 못한다 뭐하냐 ㅋㅋㅋ
679120,슥갈은 언제나 남의 경기와서 혼자 쉐도우복싱 하누...
337544,익룡 개시끄렂네
493027,ㅇㅅㅇ가 뭐임? 진짜
130786,스펀지 오늘도 뻇기면 레전드다
533620,아 게임 갔네
676642,진짜 국내팀은 세상에서 제일 잘 패는 듯
471060,쓱갈들이 조용히 좀봐라
929441,티원은 들어가라 케커큭ᆢ께켘ㄱㅋ껰케
338765,아 좀 3세트 시작해라 또 디도스탓 처할꺼냐
84755,아니 담기 이게 맞아?? 우루루 다니면서 킬만 먹고 타워 밀리는거??
235222,ㅋㅋㅋㅋㅋㅋㅋ나카무라 제카네
232073,와 루시안 킬뎃이랑 CS차이봐 압도적이다 진짜
460087,퍼펙트는 스프링은 탱챔만 하고 서머 전에 챔프 좀 깍아오긴 해야할듯
818678,개똥넛
158398,디도스 공격때문에 녹화하고 그 방송을 송출하는거임; 님들아
196997,씨맥 뒷목잡겠노 
991147,dk 운영은 진짜 안고쳐지네
346907,"/미니게임 입력하면 핀볼,닷지게임 간단하게 할 수 있음. 경기 심심할 때 참고"
51190,1557-0013 호령 대리운전
754298,ㅋㅋㅋ 그 팀 팬 컷 당하는거 재밋네 ㅋㅋ
180457,외쳐 쵸비
82774,이렐진짜 중국인마냥 생겨서 보기 거북하네 ㅋㅋ;
461721,한화경기특이냐? 걍 경기가 개노잼이네..
954856,티어실명제 시급하다 똥냄새 ㅈㄴ나네 ㅋㅋ
398304,쟤는 쳐맞으면서 자꾸 인장질을 하는거냐 
249349,저걸 싸먹어야지 또 씨에스 쳐먹으러가네 ㅋㅋㅋㅋㅋㅋㅋㅋㅋㅋ
384985,아무것고 안할거면 걍 빼
390303,광동은 자기들 수준에 맞는 픽해야 될거 같은데
860590,탑차이 스노유볼
619064,중국돈으로 삼ㅋㅋㅋㅋ
196706,진짜 ㅋㅋㅋㅋ광똥진짜 ㅋㅋㅋ미쳤네
927673,놀이터 우승하면 뭐함 ㅋㅋㅋㅋ 국제전 가면 또 중국한테 대주는데 ㅋㅋㅋ
521323,딮기팬들은 안그러는데 티원팬애들이 이간질하니라 저러는거지??
381727,미드차이보단 정글차이지 ㄹㅈ들아
216446,이러다 롤드컵때도 디도스걸리는거아님 ㅋㅋㅋㅋㅋ:face-blue-smiling::face-blue-smiling:
503422,디도스 다시 제대로 감잡고 광동만 파자
710658,이제 티원은 한화한테도 찢기네...쩝...
650910,쵸비 왜 카르마함
884577,지우는 진짜 강팀가면 날아다닐거같다
808315,진짜 재밋다ㅋㅋ
206081,님들아 젠지는 왜 인기가 없어여??
327867,"아 졸려죽게써 ㅠㅠㅠㅠ잠들면 안되는데 ,, T1 이겨줘! !!!한화 개치사함 ㅋ ㅡㅡㅋ"
354439,불독 롤모델 쵸비인데 별명은 개상혁됨 ㅋㅋ
792180,쵸황
977028,든든 우디르 약팔이당했노…..
919908,Lpl down!
416669,충격적인 사실: 티젠전은 총전적으로 봤을때 t1이 더 우세하다.
456953,류현진 영입하더니 확신히 달라졌네 한화
685460,오늘이 빅매치지 한화는 이겨놓고 슼이 지길 바래야하는 상황 ㅋ
557095,GG
225762,페이커 욕하는 애들은 진짜 안쓰럽다
500076,켈황켈황 정신나갈것같애
931059,GenG是一支最好的球队。
551229,drx 브리온같은 저질게임이랑 수준이 다르다
507051,조나스트롱 마저 ㅋㅋㅋㅋㅋㅋㅋㅋ
689275,바텀떄문에 맨날 용주네 ㅋㅋㅋㅋㅋㅋㅋㅋㅋ 걍 켈린 시야잡는것부터 에이밍 한타포지션까지 걍 노답임 ㅋㅋ
779845,디도스빨이네 한화는 ㅋㅋ
766861,불독 장판 위에서 암것도 못하네 ㅋㅋㅋㅋㅋ
199266,티한젠 3강에결승전은 결국 한화 vs 티원 확정이네
337943,^1557 - 0013 3:0 익룡귀맵 밸류조합으로 1만2천골드 앞서고 대주기^
300858,눈나들 얼굴 가리지마~~~ㅠㅠ
853324,농심 drx 면 3꽉일텐데 한시라도 빨리 시작해야지 새벽까지 하면 누가보냐 
470746,그냥 미드 차이땜에 겜이 터지네
516674,이거 페이커였음 그냥 개발렸을듯
521879,이제 88848 +8 이지않나 전시즌으로
90910,노틸 대단하다 탐켄치만 끌고 원딜 유기함 
199398,lpl한테 지노 광동 ㅜㅜ
779617,와 이걸 ㄷㄷ 또 전판처럼 던지지말고 이겨서 5꽉 가즈아
160752,내부자 유출이 아니라 라이엇에서 관리하는 사이트에 올라온거임
281274,젠지 롤드컵이나 우승해봐라
208848,또 젠도스임?
722708,녹방이라 그런지 텐션도 좀 낮네
993092,똥겐 ㅋㅋ
171448,너도 롤 하는데 베트남사람이라고 못할까 생각을 하렴
851171,녹화방송 틀면서 광고를 넣고 자빠졌네ㅋㅋㅋㅋㅋㅋㅋ
106721,브리온 개못함
84738,ㅋㅋㅋㅋㅋ무한 백도어
144644,T1 8개월째 젠지 이긴적 없긴해
667086,51살 74년생이다 내밑으로 인사 씨게박아라
100695,아 정신차려보니까 또 만골차이야
13998,따이 황 찌엔 씨에쑤왕 쵸비의 눕롤 화이팅!!
574495,든든이 짭이냐 두두가 짭이냐
293459,88848은 커리어가 맞긴한가요?(진짜모름)
324710,익룡들 날뛰겟네 ㅋㅋㅋㅋㅋㅋ
189022,론리 아일랜드 - i'm on a boat
915627,롤드컵인가요?? 왜 중국팀이랑 경기하고있나요??
930571,0/5/4
718941,와....대상혁은 토스 한명할때 쵸비는 다넣는구나....
536705,진짜 밥대전이라 눈썩을듯
857951,킬 미
125144,고구마유시에서 지우로 바꿀라나
25438,쵸비 오리아나도 했는데 구마 제리도 할 수 있지 왜
305447,ㄹㅇ씨맥 맥문철도 하는게 맞나...? 다마딱에 육성도 못하고 밴픽도 특출나지않고
40434,어차피 떨어진거 시원하게 재밌는픽이나 박아줬음 좋겠네 볼맛나게
546675,마춘뻡 틀니면 대화가 딱딱해
194911,왼쪽위에 LIVE 안보이나 녹방무새들은 ㅋㅋ
705667,어 팔팔이형은 좀 나가잇어~
763342,역시 씨맥의 샴페인은 일찍 터트려야 제맛이지
121759,따봉
597443,디알엑스 팬 많네 ㅋㅋㅋ 디알엑스도 좀 더 올라서자!!!
98633,역시 안경에 롤주머니가 있는 서폿에게 약하구나...
26290,프로맞음?
194784,디도스 공격!!
581704,근데 나만 88848 개패고싶음?
249342,채팅쿨타임버그 구취햇다가 다시구독하면 채팅 연속으로됨 ㅋㅋㅋ
791701,누가 올라오든 상관없다(날조 있음)
974534,ㅋㅋㅋ고소 드립ㅋㅋ
378818,티원 이거 지면 몇개월째 지는거임? ㅋㅋㅋㅋㅋ
622025,디도스로 인해 연습량이 부족해서 졌다고 하면 뭐라고 안함. 근데 디도스로 인해 '불공평한' 연습 환경에서 졌다고 하니까 문제지
403769,표식이 광대 이미지때문에 ㅈㄴ 저평가됨 캐니언 오너 다 바르고 다녔었는데
29970,?? 트롤하냐..?
560794,1등맞추기보다 10등맞추기가 더 여렵다 브리온 drx 두 천재의 싸움에 가슴이 웅장해진다
490980,젠지잡던 브리온 어디갔노 ㅋㅋ
709186,댓글로 똥싸는 애들 수준 ㅠㅠ 인생이 많이 힘든가보네 힘내라
250580,여기는 ㅇㅅㅇ하는애들 없어서 좋네
601392,왼쪽은 살기 힘들겟다 ㅋㅋ
536284,제발 또지르 또리아나 또르키 이딴것만 안나왔음 좋겟다
321804,티원 경기답게 벌써부터 채팅창 드럽네 ㅋㅋ
691485,이딴게 쇼다운매치냐ㅋㅋㅋㅋㅋㅋㅋㅋ
930569,캐리아 개똥싸네 ㅋ
740045,이 글을 읽고 10초 내에 채팅창에 88848을 입력하지 않을 시 이번 주 내로 큰 불행이 닥치게 됩니다. 시간이 얼마 남지 않았습니다… 10…9…
412833,아오 팔팔이형!!
534967,티원은 못올라오는데 뭔 경기력임 ㅋㅋㅋ
647446,조규성도 그래따ㅣ지면 못까지ㅋㅋ 못하면 피드백 받아라
585000,1557 그거 미드이렐이 초반에 카밀한테 따여서 나온거임 ㅋㅋ
612022,오늘 피넛이 뽀삐한테 무작정w박고 강타지고 맛이 갔는데
391256,ㅋㅋㅋ 성현이 롤알못이란거 바로 증명해주노 ㅋㅋ
429376,씨맥 : 범인 찾았다
236421,1557이나0013이나 그게 티원 스타일이다 잘못 풀리면 들이박는식 그런게 있어서 얻는것도 있어서 4회 우승한것
51372,토막상식:받는돈과 실력을 생각했을때 제일 가성비 떨어지는 미드는 쇼메이커 이다
642043,그미드는 포탑만 깔아도 추앙받노 ㅋㅋ
761396,그래도 안딜 보면 절대 못바꾸지
440599,세나하는데 cs 못 먹는다 타령하는 새끼들은 롤 접어라 진짜 ㅋㅋㅋㅋㅋㅋㅋㅋㅋㅋ
451138,주먹치기 아무도 안 해주냐 구마유시 ㅋㅋㅋ
59117,윌러랑뜨면 너가 개발림 ㅋㅋ저라뎃부터 쳐바르고 와라 ^^
981415,중국이 그렇게 좋으면 lpl로 가지 그러니 ㅋㅋㅋㅋ
966357,6974
573964,지프로
253046,오너 캐리아 너희는 챌리가라 ㅇㅇ 내년에 cl에서보자 ㄱㄱ
946860,6.9
450242,? 오너는 왜 쓸데없이 어슬렁 거리다 죽냐. 트롤임?
393489,한화가 개쌔긴함 젠지에 무력의신 제카 바이퍼 추가된거잖아 ㅋㅋ
187795,디도스 또 공격 들어오나
507998,루시드 폼이 예전 피넛 월즈우승할 때 급이던데
905748,준위드립을 아직도 치고있냐
1005,우리 케리아한테 뭐라 하지마라.. 케리아 하고싶은거 다해!!!
121390,제우스 트페 라인전빼고는 후반에는 계속 별론데
175778,^무^견들 ㅎㅇㅎㅇ
294151,저딴게 연봉2위 ?
523127,아 우르곳 인기 올라가지말라고!!! 안돼!!!
896403,잘싸운다..ㄷㄷ
662113,룰러빨로 4한거지
679294,젠지 조온나 잘하네 ㅋㅋㅋ
850991,광똥은 저딴 팀한테 2퍀ㅋㅋㅋ
728446,데프트는우승자출신인데뭔 8강딱이라노
432659,콜미가 아니라 콜걸이었노ㅋㅋ
668604,ㅍㅇㅋㄴ ㅇㅅ ㅋㅎㅋㅋ
876825,오늘 채팅창 왜이리 클린하냐 ㅋㅋ 보기가 좋네
215576,디도스 ㅈ노잼
851189,관중 수익도 없는데 광고도 안하면 뭐 돈은 조상이 대신 내주냐
772069,우르곳 죤나쎄네 ;
439405,잭스 e시전됐는데 왜 평타맞고죽음? 버그아님?
270607,오너가 오늘 쓸어버리네 
61604,씨맥은 이제 묻어버렸으면 좋겠군...... 이기면 기고만장해가지고
991991,방구석에서 애니 주제곡이나 따라부르고 있으니 그렇제
680951,백수들이 37000명 ㅋㅋㅋㅋㅋㅋ 대한민국 망했다 ㄹㅇ 직관간 백수 직관애들도 레전드네 ㄹㅇ
787450,슼카스
882987,티원 구원 콜업해서 2대1로 졌대요
52549,용준이야 말로 월급 루팡이지 뭔소리야
40794,은호는 이마에 농사지어도되겠다 몇평이냐
857367,지금 이게 라이브라고? 오늘은 또 무슨일이 있던것인가
690642,800골 ㄷㄷ
836344,세나 cs 레전드네 ㅋㅋㅋㅋ 프로 맞냐
832202,kt도 진짜 못하긴 한다 ㅋㅋ
368646,프로에 F자도 모르면서 훈수쳐두지마라 ㅋㅋ
48905,kt도 별로긴하네.. lck는 걍 티원 젠지 투툴리그 ㅋㅋ
412013,걍쵸비보다 잘하는 사람 롤판엔 페이커박에 엄슴
744440,큰일났누
6480,오리도 밴해야하고 코르키도 밴해야하고
124666,익룡들 진짜ㅋㅋ
233547,여러분들 미안합니다 전 미래를 봤습니다 어차피 우승은 브리온... ㅅㄱ요
170601,4용 왜줌? 카리스가 어차피 던지는데 4용먹지
604753,아.. 진짜 개답답하다
794136,앙기무찌
695838,젠지 프론트 나라판거 인정 선수들도 한패임? 진심궁금ㅋ
17304,네에 안녕하세요 섭이입니다 찌엔지 여러분들 정말 그러시면 안되는거죠 어떻게 중국을 지지한다고 말씀하실수가 있는거죠? 님들때부터 제 시청자들도 일본이랑 내선일체한다고 선동해대요~~~~~~
723699,제발 빼라 퍼펙트 라인전도 안되고 챔프폭도 좁고
375507,이판 봐라 티원이 그대로 되갚아준다
335404,란도란도야... 바이퍼 비벼주면서 싸워보지
610036,진짜 슈발 한번을 못쓰네
363340,라슥갈 해외연수갔읍니다. 그만 물어보세요
1330,운타라 ㅋㅋ
262949,티원 화이팅:hand-pink-waving::hand-pink-waving::hand-pink-waving:
833380,정말 옹졸해지는 매치업이다
12053,그팀의 디도스공격 ㄷㄷ
84190,젠첩 왜 이리 많지
627710,아줌마들 익룡 한마디에 발작 ㅋㅋㅋㅋㅋㅋㅋㅋㅋ케
527972,페이즈 그저 펜타무새 킬딸 딸깍 퍼스트 호소인
533448,아트 이제 못 쓸듯
880613,88848 하지마세요 한번만 더 88848 하시면 젠지 법률 담당 사무소 팀장님한테 자료모아서 제출합니다 그만하세요
496972,맞춤법 과간이네 와... ㅋㅋㅋ
781034,솔직히 lck 3회 우승할바에 롤드컵 1번 우승하고 말지 ㅋ
249075,젠지는 진짜 지는게 상상이 안되긴 한다. 그래도 T1 화이팅
121691,티원팬들ㅋㅋㅋㅋ속타누ㅋㅋㅋㅋ
915563,어~ 팔팔이형이야 ㅋㅋ
485788,광동 플옵 갈듯 
234480,똥카 ㅋㅋ
505805,골든로드에 도전하는 따이 황 쮜엔 누가 막냐고
984064,렉사이 함정픽이 아니라 미드에서 죽기전까지 상체쪽에 영향 준거 못봄?
718401,윌러 말이 안 나온다 ㅋㅋㅋ...
174195,팀원 사기 떨어뜨리네 ㅋㅋ
25097,젠지도 BLG 익룡때문에 8강딱한거임? 
742315,그냥 응원이나 하지 서로 깍아내리기 바쁘네 인생업적이라고는 키보드치는거말고없는애들이 
399358,1황 탑 킹겐 ㄷㄷ 제우스 뒤지게 털어먹은
820408,라스칼 대회 나오지마라 진짜 수준 개떨어트리네
191358,브리온한테 진순간부터 광동에 대한 기대감잉없어짐
948890,그냥 조용히 하고 좀 봐라 여긴 뭐 맨날 분탕이냐..
553552,탑이 엠비피라는건 겜알못임?
182994,구리 vs 너구리 vs 개구리 누가 젤 노답이냐?난 구리같음
553501,니코가 한번 터진거 빼곤 너무 잘해줘서 POG 가져갈듯 미드 6 탑 4 서폿 2
413007,역시 중국팀답다 젠지
974237,미드 바텀이 넘못한다...
952237,진짜 루시드 ㅈㄴ 답없네
685718,통새우만두 듀갈임
91846,"쵸비가 한화생명 식당밥 먹고, 안경쓰면 딜라이트랑 똑 같이 생김."
113393,죶비치면 신고합니다 신인6년차 무관그미드 어워드벤치라고 놀리지마세요 차도 죶고 숙소도 죶은데 별풍 마니 싸주세요
652890,조오오온나 재밌네 ㅋㅋㅋ
633469,구마는 진짜 원딜 개못한다 cs 모냐
261299,젠지는 그냥 나가리네
975112,젠지의무결성을 단호히 지지합니다. 짜요!
882418,티원2군 정글탑 ㅈㄴ 못함 ㅈ됐다
222641,울프 돼지 언급하지마라
590125,그지가 아니라 돈을 내고 정당한 서비스를 못받았는데 당연히 환불해줘야지
623558,디도스 때문이라는 ㅋ
15376,팩트 티원은 젠지한테 쳐발림 ㅋㅋㅋ
362394,탑정글이 존나 비슷한 여우상이네 헤나도 그렇고 ㅋㅋ 이름따라가나 
976796,어 팔팔이형이야~
388648,역시 티젠의 대악마는 한화생명 밖에 없다
454415,롤드컵 2회우승 롤도사
312532,쇼메이커 좀만 더 노력하면 카사딘 쵸비만큼 할듯 ㅋㅋ
258149,시2발대황비;;
262426,탈리야 제발 그만 좀 써 개노딜에 유틸도 쓰레기챔
285205,이걸 돈을 2천차로따라잡네 ㄷㄷ
751023,엑스큐트는 못하는게 아니라 잘하는게 맞는데 뭔 개소리냐
7024,원딜이 cs를 못 먹는 건 서폿의 문제가 더 큰 거 아닌가요?
287858,젠지 이제 롤드컵만 우승하면 되겠네
722707,유츨결과 : 쵸비가 해트트릭해서 3대0으로 젠지 승
321342,월즈 우승출신 감독 vs 국대감독
455824,님들 페이커랑 쵸비중에 누가더잘해요?
359594,채팅안치면 재미더럽게없는데 뭘 그냥좀봐
119191,똥카ㅋㅋㅋㅋ
250236,정~말 달콤해
24593,한화한테 지고 왜 묻지도않은 옛날성적을 상시 도배하면서 젠지를 찾나요? 슼갈은 사실 젠지가 너무 그리운건가요?당장 한화 담원 한테이길지도 장담못하는데 본인팀 걱정안하나요? (진짜모름)
782268,담원을 3년내내 죽인 젠지를 죽인다 ㅓ음부터 이것뿐이었다..
177637,켈린 사람이냐 ㅋㅋㅋㅋㅋㅋㅋ 저걸 못맞추네 ㅋㅋㅋㅋㅋㅋ
713695,바이퍼 역대급 플래그 세웠네 ㅋㅋ
439335,구마유시 원딜이 방관템은 트롤이냐? ㅋㅋㅋㅋ
385019,이정도면 패치 대비도 못한거고 그냥상대 깔본 밴픽밖에 안되는듯
967275,하 콜미
212342,이거 바로 맞추면 재미없으니 ㅋㅋㅋ 걍 대본같은거 대사 치는거겠지 뭐
846659,아니 세나 골라놓고 탐켄치가 단식을 처하고있네 ㅋㅋㅋㅋㅋㅋㅋㅋ 세나 왜한거냐?ㅋ
878677,진짜 씹덕그자체다 포니
525369,그러고보니 젠지는 순수무관이네;
622292,오늘 누가 이겨도 어차피 한화선에서 정리되는데 젓1밥대전갖고 싸울필요들 없어요 형들;; 오늘 누가 이겨도 어차피 한화선에서 정리되는데 젓1밥대전갖고 싸울필요들 없어요 형들;;
426382,T3
244177,:elbowcough::elbowcough::elbowcough::elbowcough::elbowcough::elbowcough::elbowcough:
60571,채팅 꼬라지보니까 진짜 페이커 없으면 lck 망하겠네 
28155,중국젠주빈들 무서워 ㅠㅜ
595277,흐웨이가 스킬발동이 느려서 답답해 막상해보면 좋긴한데 
361814,불이고 태윤이고 문제가 아니라 안딜이 문제
676022,제카는 거품이 맞다
483179,창모드 짜치네 ㅋㅋㅋㅋㅋㅋㅋㅋㅋ
992990,똥 겐
968094,피어엑스 아무것도 못하고 ㅈ내
526422,:smiling_face_with_sunglasses::smiling_face_with_sunglasses::smiling_face_with_sunglasses:
592456,런데도 프차비는 계속 올리고 해결하려는 의지도 안보임. 뭐했노 라코는? 1000억받고 인트라넷도 아니고 외부망 쓰다가 시험삼아 디도스 걸었는데 걸리고 있고 진짜 뭐했노? 그냥 답대가리가 없네 ㅋㅋㅋ 그저 설에 다 쉬는데 우린 일하고 싶지 않아 근데 돈은 받고싶어 드릉드릉해. 그리고 페미니즘 지지해서 남성유저가 다수인 게임영상에 드릉드릉 넣어. 뭐햇노?
630537,슼까 해야되는데 잘해버리니까 이젠 관중까기 시전ㅋㅋㅋ
141931,2:1은 젠지팬들 환영점멸 같은거지 뭐
69629,88848: 자칭 새체미호소인의 진짜실력
864104,불독은 개못하잔아
734587,형들 폰겜 정육점을 털어라 하면서 봐여 개꿀잼 폰겜임 ㅋㅋ
673437,1557 안막는게 AI가해서 그런가?
259850,제가 생각했을떄 오늘은 쵸비의 젠지가 우승할 것 같아요. 쵸비가 국내대회에선 굉장히 강하니까 오늘 우승하고 MSI가서 죽쓰고 롤드컵가서 어차피 또 t1이 우승하고 그러지 않을까요? 그래서 오늘은 국내전용 쵸비 우승 예상해봅니다~~롤드컵가서 또 개죽쑬것도 예상해봅니다~~~
844447,이제 하다하다 농심한테도 쳐 지네 ㅋㅋㅋ
853801,opgg 검색해보니 세텝 21킬로 빡캐리하네요 ㄷㄷ
471178,엄 앵 란
37485,ㅋㅋㅋㅋ 페이즈 받을거라던 애들 입꾹닫 아 ㅋㅋㅋㅋㅋ
36088,젠지는 왜케 인기가 없냐 젠랑이들 눈물나게
742288,4년 팀합맞추고도 지는 팀이 있다~?ㅋㅋㅋㅋㅋㅋㅋㅋㅋㅋㅋ
185707,이거 쵸비 달라는 애들은 양심이 있냐?
444776,어차피 우승도 못할 것들이 발악을 하네
611398,지우 바텀 실력만 놓고보면 동부급이다
610882,전용준좀 짤라라 뭔 해설마다 다 틀리냐
430126,씨맥 제자명단 = 쵸비 케리아 도란 표식 데프트 타잔 바이퍼 등등 엄청 많음 씨맥은 명장이 맞음
111172,끼에에에에에에엑!!! (대충 탑갱가니까 빠지라는 소리)
59124,머리박다 왔냐? 왜 얼굴에 피가 고였냐 ㅋㅋ
173669,진짜 아무것도 못하는 제이스
229298,왜캐 화나잇어 t1이나 젠지나 둘다잘하는데
624995,디플이 이길듯 티원은 롤드컵용
324084,롤대남
245323,진짜 벌서부터 잼있네 ㅋㅋㅋ
946014,티원 왤케 깝싸 ㅋㅋㅋ
701655,미드 POG라는 애들은 겜본거맞음?
192538,그래도 안죽어서 스텍악착같이쌓았네
303952,와 ㅈㄴ 못한다 ㅋㅋㅋㅋ
709817,제카 죽을때 항상플이남아잇네
912875,염색해서 지게따 ㅠㅠㅠ
804505,페쵸짱
607490,눈에 힘 빡준거 봐 진짜 머리속에 집에가고 싶다 밖에 없을거 같애 ㅋㅋㅋㅋㅋㅋㅋㅋㅋㅋㅋㅋㅋ
901882,7시
894230,:wheelchair_symbol:+:wheelchair_symbol:+:wheelchair_symbol:+:wheelchair_symbol:+:wheelchair_symbol:
750868,태디 없으면 딜없는대 이막물고 버리네
107789,그래그래 그건 놀랍지도 않지만 사실이야 lck는 결국 젠티전이야
21321,우리 젠지 잘한다!!!!이제 중국만 이겨보자!!
840097,덜 밟는 것은 역시 대 꺽 마
209553,젠지팬들이 디도스 걸었다는게 맞음?
195379,씨맥은 밴픽 참 어렵게간다 ㅋㅋ
733715,케리아는 진심 거품임. ㅋㅋ
640510,버스 아지르는 하루죙일 cs만처먹네 쵸비 영상좀보고 배워라 벤치야 ㅋㅋㅋㅋ
765985,딸치다 걸려서 못 나옴
672015,뷰어쉽 88848 가즈아~
21873,젠지 따운!
792735,한화는 어떻게 강팀이 되었는가
358400,쫄 ㅋㅋ
817717,나 골드3인데 내가 해도 쟤네보다 잘할듯 ㅋ
228586,젠지한테 다털리는 lck수준 ㅎㅎㅎㅎㅎ
541810,진짜 개 못 하긴 한다. 36분 되가는데 이게 해설할만한게 있냐
728897,여덟팔넷8에잇
620369,분탕의 시초가 젠지 ㅋㅋㅋ 티원까면 젠지챈이 되는 기적 그냥 티원은 슥갈빼고 모두가 싫어한다니까? 역체갈들아 ㅋㅋㅋ
339284,찐 제맘
353564,분대가 왜 지들이 분석을 안하고 코치한테 답지를 쳐물어보고 있냐
105811,이젠 15분만 잘하는거도 못하네
883820,천마보법 대지우
235260,아 디플 답없네
738060,졸라 빡친 티원 ㅋㅋㅋㅋㅋ
504956,씨맥은 명장이다.. 2대떡이라니
981659,젠지 대 DK / 티원 대 한화 나오면 진짜 꿀잼 매친데
130984,얘네들은 경기 왜하냐? 어짜피 진출도못하는데
905523,이따 페이커 경기때 동접 100억명 씹가능
946383,젠지한테 맞더니 고장났네 티원
567315,화력없는 물좀비 :face-blue-smiling:
771460,88848이거로 fc바르셀로나 메시 챔스로 조롱 하는거 맞죠 최악의 팬덤 슼갈들이 이제 messi까지 건드리네
861825,3315(2014년 나진 화이트 실드가 OMG에 패배한 뒤로3315일만에 LCK(젠지)가 중국인 5명 팀(BLG)한테 패배함)
348193,익룡들 둥지치니까 한화가 좀 밀린다 ㅠ
266029,딴건 모르겟고 바텀차이 오짐 ㅋㅋㅋㅋㅋㅋㅋ
40919,클로저랑 이렐킹이랑 이렐은 누가더잘함?
653597,젠지가 욕먹을필요는 중국지지고 그 팬들은 발악 때문에 욕먹는거다
302154,저 진자림 친척인데 자림이 동생 욕하면 고소할껍니다 그리아세여 한번더말하면 고소합니다
936444,개숏습이 팔팔이형보다 낫네
789250,똥카 ㅋㅋ
419021,짱꽐라
667224,LPL Gen.G 加油!!!
953241,젠지가 월즈 우승 한번 없는 이유 = 젠지 팬들 설레발 ㅋㅋㅋㅋ
662508,클로저는 ap미드도 못해서 ad미드 줬더니 그마저도 못하면 어떡하냐? ㅋㅋㅋㅋㅋㅋㅋㅋㅋ
270431,롤드컵 결승보다 20배는 재미있네
10387,수능 드립 개노잼인데 왜자꾸 ㅋㅋ
384824,불 첨에만 그럴싸하고... 점점 무색무취가 되어가네
862407,친구라고 하지말고 원수라고 해야하지 않나?
858150,습관성 치매 라스칼...
404442,할카스 ㄷㄷ
213336,디도스범은 강기분 듣고 시청자들 마음좀 구조독해해라
899066,응 티원 롤드컵 우승
243873,함성도 못하는 그들만의 스포츠 거북목 쭈ㅡㅡㅡ욱ㅋㅋ
359965,안딜 말고 2군 콜업해보지.. 안딜 이번만 그런거면 그러려니 하는데..매판마다 똥싸네..
839426,오 역시 케티
9616,4wja
79563,티원 개빡빡하게 하네 진짜 
94739,88이는 못하는 오리아나
106195,미필들이 준위가 있다고 자꾸 우기시는데 어그로 그만 끄세요. 준위가 아니라 중위입니다. 준위가 있다면 준병 준사 준령도 있겠죠. 일부 사람들이 DP2에 준위라는 계급이 나온다고 하는데 그건 해당 작품의 재미를 위해 설정한 허구의 계급입니다. 그러므로 준위라는 계급은 없습니다.
277024,zm
559453,진건 한화인데 왜 젠지팬이 화가 나신거죠?(지짜모름)
677306,cs만 먹고 싸워주질 않는데 못 이기지 ㅇㅇ
29838,젠지전때도 저렇게 실수만 안했으면 이겼는데
869244,온몸비틀기 진짜 안쓰럽네..
19104,1557-0013 이라는 채팅은 자제 부탁드립니다.
266511,쵸비 멘탈 나갔노 ㅋㅋㅋㅋㅋ
275036,내수용 젠지
129979,운명의 ㅈ밥대전이노 ㅋㅋㅋㅋ
248034,젠지만 만나면 급하다 티원..
429757,커재앙 수준에도 약팀에 가면 원장롤이 되는구나 ㅋㅋㅋ
126224,결승전 티켓 10만원인데 흥행 망했네...
599511,날카로운게 아니라 죽을 각이 없었는데 저건 던진거야
860013,개똥텝
858078,drx 정글 바꾸니까 게임이 달라지네
722571,벤치혁이 뭐임
245157,어차피 티원은 져도 디도스 때문이라 맘편하다
520294,쉬고온젠지는 너무약해지네진짜 ㅋㅋ
393794,신입 소위가 준위 얼차려 줌
409903,티원팬 여러분 제발 그만해주세요 ㅠㅠㅠ
453354,zi
204397,티원 젠지한테 디도스거네ㅋㅋ
262128,한달연봉 5천이다 질문받는다
748991,진짜 ㅈ밥뜰의 대결이다 ㅉㅉ
535793,t1
640312,죽지도 않고 죽이지도 않는 부처혁ㄷㄷ
948830,88848은 쵸비선수가 페이커선수를 상대로 낸 킬 수입니다
868935,1557 과거형 88848 현재진행형
731761,1557 채팅 할시 헌법재판소에 고소합니다. 합의 선처 안해준다
627461,쳐맞는건 켈황 ㅋㅋ
631788,뭔... 인정은 하자 라인전 개똥싸고 후반에 딜복사한다음 POG 받는판이 문제있는거지 전판은 페이커 잘했음
90925,진심 토나오게 못한다
588269,젠지에 미드 정준하라는 중국 선수 있다는데 누구인가요????
797636,태윤드립은 치지마라 딜넣기전에 죽는앤데
376674,똥너 ㅋㅋㅋㅋㅋ
119527,똥카 머하냐?? 그냥 바이퍼 버스 타라고
836179,근데 이런 의미도 없는 ㅈ밥팀 ㅈ밥대전은 왜 보는거냐? 이해가 안가네
209308,나만 그런가 우정잉이랑 진자림 헷갈려
440342,오늘은 조용한 반응인게 좀 피곤해서 그런가?
986627,와 오늘도 순대국밥이네 경기 완전
239746,헬리오스 진짜 재밋네 ㅋㅋㅋ
313636,애들아 이제 롤 할려고 해도 영어는 필수다 영어 공부 열심히 해라 . 
991442,진짜 엄대엄이네 ㅋㅋ
66887,외쳐 ee
104136,똥 vs 설사
914022,ㄹㅁㅎ
882732,지우 진짜 대단하네 포켓몬챔피언도 하고 이젠 롤 프로게이머까지 하네
314554,근데 진자림은 왜 욕먹는거임 당연히 경쟁할 수도 있는거 아닌가 맥도날드 버거킹 같은 프렌차이즈들은 뭔데 ㅉㅉ
688079,캐니언이 도주각 완벽하게 잡았네 ㅋㅋ 저 미드가 3년이라니 ㅋㅋㅋㅋ
90683,엄 앵 란
643857,꾸준히 열심히~ 대단하십니다 축하합니다 11주년~
957314,저걸 왜 침 걍 빠졌으면 살았을지도모르는데
930126,t1화이팅
691938,밥형 저렇게 밝게웃는거 처음봄
94757,티원<< 그냥 못함ㅋㅋ
541507,해설이 진짜 어려운 직업이구나..
65847,커즈가 불쌍한 이유: 저런 표식도 팀이 북미였을땐 8등딱이었다. 저런 러지 팀이면 정글이 캐니언 오너 피넛 카나비여도 못이긴다.
267191,할리보젤리 딴딴하네
160611,녹화방송이라 그럼 ㅋㅋ
34600,뭘 살려보려고 함 밀리오 아무것도 안했는데
390794,씨맥 <<< 감독그릇 X
547026,대 상 혁 코르키 잡음 못 진다고 ㅋㅋ 다른 챔 잡으면 지겠지만
727846,와 댓글로 저주를 하는 사람이 있네;;
578871,ㅋㅋㅋㅋㅋㅋㅋㅋㅋㅋ개꼬였넼ㅋㅋㅋㅋ이래서 롤만 켜면 끄고싶다니까
893637,오너 빠따맞아서 못온다네요..
637606,진짜 제오구케에 쵸비만 달아주면 걍 전승일듯
747729,샌박 팬인데 드가자 빼면 안되냐 진지하게
843132,제카 젠지전땐 못하더니
604402,라스칼이 아무것도 못하는구나
561905,카리스는 오늘이 마지막이겠네 
254109,3대떡
344358,거짓펜타 ㅋㅋㅋ
353942,젠지 국제전 나가면 죽쑤는데 그냥 내일도 지자
123415,엘따귀 ㄷㄷ
693771,롤갤 버러지들 기어나오는 속도봐라 ㅋㅋㅋ
543227,킬딸 ㅋㅋㅋㅋㅋ
818114,한경기가 더있노 ㅋㅋㅋㅋㅋㅋㅋㅋㅋ
155539,베릴은 잘해진게 아니다. 원래 잘했다
528915,또 ㅇㄷㅊㅇ 나겠네
16914,타팀 까내리는건 슼평아님?
256590,쵸비 그냥 갖다던지네 ㅋㅋ
148963,이즈 한타에서 q한번 상대 맞췄냐?ㅋ
247538,무관엔 이유가 있다 개기인 우승하지마라 꼴보기 싫은 선수
294305,도란말고 차라리 기인 데리고 오지 ㅉㅈ
124497,그랩 저걸 못맞추노 ㅋㅋ
102425,선수들 임신공격은 자제해주세요
335979,진짜 오너 개못해
1001129,황사장 아트들면 kt 정신차려야한다
154519,데프트베릴~~
680498,그냥 본인팀들만 응원하면 될 것을 왜 갈라치기 하는겁니까 이해불가
629081,디도스땜시 스킬 미스 났네 ㅡㅡ 아오 진짜:face-orange-frowning::face-orange-frowning::face-orange-frowning::face-orange-frowning::face-orange-frowning:
549877,또 제오구케 버스타네 ㅋㅋㅋㅋㅋㅋㅋㅋ
859208,젠장 또 대상혁이야..? 숭배할수밖에 없잖아
789032,바이퍼 1데스 하면 겜 질거같으면 개추
644901,"브리온, 리버스 젠지 엄청난 실력의 팀이네 기대된다"
109706,"상대팀 자리 앉아놓고 유니폼 쳐 입ㄴ,ㄴ건 뭔 심보임?"
431743,콜미 아지르 좀 하지마라 ㅋㅋㅋㅋㅋ
144643,솔직히 월즈도 젠지 안만나서 우승한거지 뭐
490538,카리스 궁을 개늦게쓰네
636841,와 디도스때문에 연습힘들어도 딮기는 워낙쉬워서이기네ㅋㅋㅋㅋ
141901,ㅋㅋㅋㅋㅋㅋㅋㅋㅋ벤치다운 경기력 ㅋㅋㅋㅋ
56147,라떼허수 ㅋㅋㅎㅋㅎㅋ쿄:smiling_face_with_sunglasses:
680382,dlwp
618074,젠지 중국 옹호 왜한거냐....
880207,디도스도 빨간날은 쉰다
288380,우스가 진짜 정신만 차렸더라면
615377,얘들아 그냥 외워라 이커형은 쵸비빼고 다이긴다
685585,10분남았넹 한남들 벅벅긁으면서 기다릴동안 난 씻고 팩하면서 더 미모돼야겠다
665302,78910은 역시 정해져있네
213305,젠지는왜공격안하냐
832335,엄로저
178484,유관 대 무관은 역시
561056,대진 씹노잼이네 ㄹㅇ
504918,광동은 플옵이 롤드컵이라고 울수있음 ㅋㅋㅋㅋㅋㅋㅋ
6210,화난 젠선족 많네 ㅋㅋ
532919,성캐 무관견 디스 ㅋㅋㅋㅋㅋ
537573,진짜 이딴게 1부리그냐ㅋㅋ
599625,중 꺾 마
693070,구독자 전용 광고제공이라서 구독취소하고 채널 들어와서 시청하시면 광고 안뜹니다.
169572,똥대똥 대결 ㅋ
620994,ㅈ 노잼이네 진짜
705500,아무리 잘해도 월즈8강이잖아
112429,역시 익룡은 슼평 ㄹㅇㅋㅋ
615221,ㅋㅋㅋㅋ그렇지 아무도 젠지라고안함 삼갤이라고하지 ㅋㅋ왜젠지는 별2개는달고있는가??ㅋㅋㅋㅋ
382638,티원 쳐발려서 기분좋은 젠지팬들 주말 잘 보내세요
361566,광동 왜캐 못해짐
30712,정신개사납네 ㅋㅋㅋ
135880,42분 48킬ㅋㅋㅋㅋㅋ
1005045,0016
104528,든버지 아들 옷 사주려고 무리해서 일하다가ㅠㅍ
584672,디도스 그만해주세요ㅠㅠ 젠선족분들ㅠㅠ
198957,으딜 벤치pog따위가 주전한테 앵기놐ㅋㅋㅋㅋㅋㅋㅋ
148417,8년째 신인 에포트 
439819,탈리야 쵸비임? ㅈㄴ못하노
467995,카리스좀 버려라
701749,역체미가 롤드컵을 한번은 들었겠지?
798696,불독아.. 정신 똑디차리자..
699661,88848에 쵸비 지분은 0인게 함정밍 ㄴ
977892,오늘 경기도 없는 t1 얘기하고 884거리고 이ㅣ런애들은 경기 관심 없고 그냥 분탕질하고 노는걸 즐기나봄
624815,디도스 ㅈ망겜ㅋㅋ
992495,우틀않 시전하다가 개같이 패배하는게 기본 루틴인데
319572,한어강 한화생명은 어떻게 강팀이 되었는가? 한화생명이 t1에게 이긴다면 고향에 돌아가서 그녀에게 고백하겠어!
500152,광동은 그냥 ㅋ 답이없노 재능없는 프로게이머가 최대한으로 노력했을 때 부딪히는 한계를 그대로 보여주는듯 
291887,응 msi 광탈 ㅋㅋ
216512,니들이 뭔 가붕이냐?! 쳐 버티지만 말고 대책 가져오라고 ㅋㅋㅋㅋㅋㅋㅋㅋ
18821,따이후앙비 ㅋㅋㅋ
761401,안딜 탁구 치다가 씨맥이랑 싸워서 씨맥 손가락 탈골
267765,무관 땅굴 ㅋㅋ
884656,"채팅으로 유형 분석해드립니다.경기 보면서 경기 채팅 치는 사람 → 정상, 어그로 채팅 치는 사람(ㅇㅅㅇ,준위 등) → 정상, 티원 젠지 갈드컵 채팅 치는 사람 → 높은 확률로 왕따,사회부적응자,무직백수,m생,정병 중에 하나임"
585235,죄송한데 하트 좀 그만 눌러주세요
769050,얘들아 약팀 그만 놀려
457796,중첩된다고?? ㄷㄷ
230528,상식적으로 젠지팬이란게 있겠냐? 다 악성얘갈임 젠지가 팬이 있을리가없잖노
475101,건부 까르르
320430,롤드컵 이후 롤 처음 보는 사람 개추~
299963,여기는 진자림으로 어그로 끄는 사람들 없어서 좋네 ㅎㅎ:hand-purple-blue-peace::hand-purple-blue-peace:
933752,0/5/5 미드 처참하게 박살나면서 졌지만 이악물고 페이커 수호할 슼갈이면 개추 ㅋㅋㅋ
678297,"젠지는 욕할만 한데,"
786804,ㄹㅇ 따이후앙비 VS 한화생명 ㅇㅈ
205355,지난경기이후 라이엇은 뭘했나요~~
682846,drx는 진짜 어떡하노 ㅋㅋㅋㅋ
667939,ㅈㄴ 뚜드려맞네 ㅋㅋ
744706,나락탈출전 즉 GB쌈싸먹기도 나름 재밌지..
103580,형들 폰겜 정육점을 털어라 하면서 경기관람하세요 개꿀잼입니다 ㅋㅋ
16102,LPL팀 뚜까팬 그 경기네요
215293,디도스 맞나ㅋㅋㅋㅋㅋㅋㅋ
230005,88848 정우야 고소해줭
349172,똥카
368739,쭌쭌이형 또 명상하는척 쇼한다ㅋㅋㅋㅋㅋㅋㅋㅋㅋㅋㅋㅋ
394399,3315만에 5중국인한테 진 팀은 어디인가요?
867499,게임하나졌다고 질질짜노
592506,거의 다 잡았다매 수사망좁혔다매 물밑조사 했다매
779849,제카 진짜 심각한데
558157,이렇게 잘하는데 젠지따위에 진게 수치네 ㅋㅋㅋㅋㅋㅋㅋㅋㅋㅋㅋㅋ
342960,갑자기 구마유시 악까하냐 단식 세나 알면서 일부로
558765,쵸비의 미드 주도권 그립읍니다..
661190,아시안게임 미드는 콜미가 해도 우승이었다 그래서 페이커는 휴식한것
961546,대포도 허락맡고 먹네 ㅋㅋ 
327154,1557 0013 화이링
94122,정보) 딮기 상대로는 킬스코어 7:0도 역전했다 근들갑 ㄴ
170388,콜미 실화냐..
241803,티원팬인데 젠지이기는건 힘들듯
317090,t1 갤러리 여러분들 억까를 멈춰주세요ㅠㅠㅠ
522989,렉사이 집안감?
938180,물론 상대가 프로라서 그런 것도 있겠지만 광물솔랭이렐같아
962049,세탭 cs 왜저래
1307,ㅋㅋ지금 시작한다면서 진짜 전 존나 굽네 싸대기마렵게
66167,불독이 진짜 레알 문제임. 롤에서 미드가 진짜 중요한데 얘가 그냥 팀 전체에 디버프 거는 듯
204984,딮듀때도 처음엔 그럴수 있지하고 넘어갔었지....
730838,트위치도 그렇고 유튭도 그렇고 광고 관리하는 러지ㅅㄱ들 중간이 없네
130035,ㅈ밥들이 플옵가면머하노 어차피 깔개용인데 ㅋㅋ
707701,1557 신난다~~
265485,구마는 자꾸 플 못쓰고 죽네
33506,진짜개날먹이네 저게 원딜이냐
501316,젠지랑은 잘 싸우더니 광동이랑 뭐노??
379637,씹노잼이노
772980,6학년 1반 모인돌 내 3천원 돌려줘
453977,티원팬들이 티원선수들 애기라고부르는데 왜 타팀팬들이 발작질인거냐. 민석이 작고 소중하니 있는 그대로 말하는건데 케리아는 건들지마라 괜히 심술나서 심퉁부리지말고... 티원선수들도 스스럼없이 듣는데 제3자가 난리부르스
951299,신 ㅡㅡㅡㅡ 허 ㅡㅡㅡㅡ 수
951499,킬딸은 켈황 ㅋㅋ
358875,이게 티젠전인가..ㅋㅋㅋㅋㅋㅋ
938171,제발 도란 좀 기인이랑 제우스에 비비지 좀 마라 양심이 없냐?
122123,어차피~~
402037,환각 샤라웃른 황프트 대황비 듀오 ㅋㅋㅋㅋㅋ
621944,T대떡 담기한테 떡발리고 MSI광탈ㅋㅋㅋㅋㅋ
820722,서렌기능 넣으면 라스칼 빼고 다 서렌칠듯
183366,중국팀 응원하는 사람이잇음..?
490030,카리스 작년에 2군갔다와서 좀 친다하지 않음?
506684,이런거 정말 오글거림
328704,누가 구마유시 제리 못한다고 까댐 ㅋ
317371,88848이 뭔데 명예 훼손이 되는 이유가 있나 
427934,씨맥은 롤잘알맞음 문철이전문성지림
63573,반응못한거같음 ㅋㅋㅋㅋㅋ
456337,제카 지린다 역시 5대미드
282785,l
359210,따봉
977748,그래도 농심 애들이 진짜 1군에서의 경험이 부족해서 그렇지 엄청 미래가 기대돼
809084,탑차이 ㅈㄴ 심하네 ㅋㅋ
451953,따봉
66408,또발리려고 또지르
578471,팩트: 우주의 빅뱅 이후 100억년이 넘는 시간동안 과거부터 현재까지 온 우주에서 롤드컵을 4회 우승한 인물은 우주의 100억년의 시간동안 오로지 페이커 단 한명이다. 롤드컵 0회 우승팀인 젠지팬들도 한잔해~
968479,교도소 출소한지 3일됬습니다...1557하지마세요... 찾아갑니다 한다면합니다.. 조용히 게임즐기고 싶습니다.
24303,1위확정 ㅋㅋㅋ 티원 신라면딱하고 슼갈들 분노하는거까지 보고 자야지
231814,켈린이 잘못한게 아니라 루시드가 잘못한건데
541893,염병한다
871581,13분에 13칸 채굴하네 ㅋㅋㅋ
229595,진짜 광동 많이 올라옴... 경기력 좀더가다듬고 수정하면 진짜 모를듯...
833500,시원한 박치기전 나올줄알았는뎅 많이 안싸우넹~
755341,빠개나 진짜
515824,그미드는 오늘도 기인버스탐?ㅋㅋ
954309,꾸준히 잘한건 바텀인데 중간에 슈퍼플레이들 때문에 미드나 정글이 받을수도
169095,찌밥대전이네?
842706,와 기드온이 찢으면 칼리아가 지퍼잠근다 ㅋㅋㅋㅋ
209689,궁금한게 왜 그팀경기만 안걸리나요??
623438,용준이면 컴터 끈다 진짜 나오지 마라
649937,아지르 카운터 다짤렸네 할만함
603186,아니 뭐 사람 갖고 노느것도 아니고 ㅋㅋㅋ
233620,탑은 제우스>>기인>두두>도란>퍼펙트>킹겐 인듯 ㅋㅋ
816305,킹겐 골드아니냐? ㅋㅋ
493978,바이퍼가 점멸쓰면서 제카밀려서 레고 밟았네 ㅋㅋㅋㅋ
945972,팩트)젠지는 쓰리핏을 했음에도 유일하게 국제전 무관이다.
849919,좋밥게임은 안건답니다
84318,오리.축구공 많이 맞아땅
182999,젠지랑 삼성은 엄연히 다른 팀임 전혀 물려받은거 없음
859528,채팅에 /렉제거 치고 구독취소했다가 구독하면 렉 사라집니다
510596,10년만에 나타난 마타의 뉴네오 탈수기 ㅋㅋ
783794,근데 걔네가 제일 피해본거 맞지않음?
201745,3핏이 뭐 별거라고 자꾸 보여주냐
685144,킬딸은 또 켈황
849499,아..이것도 유출됐네..:face-purple-crying::face-purple-crying:
330961,저딴 경기력인 팀을 응원한다는게 참 ㅋㅋ
836375,젠지자멸컵먹어서 좋겠노 펙트는 젠지만 만나면 주인님..와들와들모드on
658133,똥독!
868732,젠지가 삼성과 무관하다고 예전에 이미 입장 냈었습니다
613727,ㅋㅋㅋㅋㅋ기요웡
961858,죠온나 잔인하다ㅋ
736208,이런 또 숭배 시간이야 초전도혁
509895,그냥 먹는 탐켄치한테 스킬 다 꼬라박고 바이 궁 찍히고 아지르한테 터지는 그림 벌써보인다
170154,얘네는 lec가도 플옵못간다 이게 뭐냐?
714549,화나는 양학도 못하네 ㅡㅡ
472673,젠지의 핵심은 결국 쵸비였음 ㅋㅋㅋ 도란 피넛은 결국 힘이없고 쵸비가 다했다 ㅋㅋㅋㅋ
836620,kt 광동전에서까지 그팬끼리 싸우노
536088,ㅈ밥대전 잼겠네
259424,진짜 줫나재밌다 패승승패승
966277,진짜 탑 하나때문에 지노 ㅋㅋ
984256,뭐 이리 못 싸움
120485,압도적인 실력으로 T1을 박살내고 있는 대 이 퍼
193811,롤드컵 왜이리 노잼됐로
743460,케리아 똥마려웟나봐
448849,88848 좀 그만 말해주세요;; 그냥 경기봐요
510927,역시 졸밀은 젠황 
244501,중국팀응원하는애들도 있구나
32408,티원 이걸못끝내나
523106,킬 났다고 좋은게 아닌거 같은데 옵젝 다 뭔가 줄줄 새고 있고
865390,퍼펙트 상대로는 라스칼도 제우스가 되버리네 ㄷㄷ
169450,저걸 왜싸움?
38964,뒤가 없는 카리스는 젠지도 대딱냄
132033,마오카이 진작에 궁 섰으면 좀 구도 괜찮았을 거 같은데
87035,그래도 티원 바텀이 안풀리니깐 경기 괜찮게 했다
151869,비디디 겁나 못하는데 4대미드 맞냐
926860,젠탑 화이팅 
778591,너넨 노란한화다 이제 ㅋㄱ
727001,:smiling_face_with_hearts::smiling_face_with_hearts::smiling_face_with_hearts::smiling_face_with_hearts:
959348,궁금한데 젠지는 왜 LPL에서 안보이나요?
475832,똥카
440833,페이커는 진짜 꾸준~~~하다
772574,젠지도 디도스드립이야?ㅋㅋㅋㅋㅋ
847279,진짜 매혹 개역겹네 ㅋㅋ
433813,제발 t1팬분들 성희롱좀 하지마세요
670309,팩트 사람을 티원이랑 젠지경기만 찾아봄 ㅋㅋㅋㅋㅋ
791945,디도스혁 부글부글 끓고 보고있네 무섭다
474802,제카 존재감 0이네 진짜 미드차이가 너무 심했다
1003690,치지직 진짜 일좀 해라 ㅋㅋ
992435,"착취 아지르로 재미좀 봤다고 또지르,,,,,"
556045,4대 미드는 페이커 쵸비 쇼메 제카임?
828939,호령스트롱 ㅋㅋㄱㅋㄱㅋㅋㅋㅋㅋㅋㅋㅋㅋㅋㅋ
59716,윌러는 050박고 정신못차리네
128676,익룡들 조용한거 개꼬시네 ㅋㅋ
682222,디케이가 아무리 답도없어도 그래도 DRX는 이기겟지;;
364918,041ㅋㅋ
43796,29살과 23살을 비비는게 제정신이야? ㅋㅋㅋ 
548036,케리아 경기 이기고 그 웃음 그대로 유지하자
862987,전글 뭐함
225031,그래그래 놀이터컵 많이 먹어 
239721,독도는 어디땅
557614,충격파 쿨 개빠르네 걍 막질러도 괜찮ㄴ은듯
171819,카리스는 cs먹는법도모른다ㅋㅋ
670545,하 ㅜ 뷰어수 눙물난다 빨리 젠갈들아 니들 친구 중국애들좀 불러 ㅜ 티원22만인데…
845348,킹겐이랑 지우 싸움이네
369049,요네 못하는 대상혁?
948732,맨발 개꿀
582618,진짜 디도스 문제 라이엇 언제 해결함? ㅈㄴ무능하네
5967,농심한테 한방 맞고 좀 많이 혼난듯 ㅋㅋㅋ
387645,가간 ㅋㅋㅋㅋㅋㅋ
468607,진짜 듀렉스 답도 없네
836913,1557때는 전령이 쌍둥이까지 갔음
